{
 "sums small": {
  "min": 1.7642974853515625e-05,
  "5%": 1.7881393432617188e-05,
  "25%": 1.811981201171875e-05,
  "mean": 1.995512843132019e-05,
  "median": 1.8835067749023438e-05,
  "75%": 1.9073486328125e-05,
  "95%": 2.5510787963867188e-05,
  "max": 0.00044465065002441406,
  "count": 8000,
  "sum": 0.15964102745056152
 },
 "sums big": {
  "min": 0.09143638610839844,
  "5%": 0.09182592630386352,
  "25%": 0.09197378158569336,
  "mean": 0.09267363476753235,
  "median": 0.09217727184295654,
  "75%": 0.09272140264511108,
  "95%": 0.09395041465759277,
  "max": 0.1066744327545166,
  "count": 1000,
  "sum": 92.67363476753235
 },
 "mult 50": {
  "min": 3.409385681152344e-05,
  "5%": 3.552436828613281e-05,
  "25%": 3.552436828613281e-05,
  "mean": 3.871828317642212e-05,
  "median": 3.5762786865234375e-05,
  "75%": 3.600120544433594e-05,
  "95%": 4.76837158203125e-05,
  "max": 0.0004436969757080078,
  "count": 4000,
  "sum": 0.15487313270568848
 },
 "mult 200": {
  "min": 0.0008370876312255859,
  "5%": 0.0008382797241210938,
  "25%": 0.0008423328399658203,
  "mean": 0.0008503395318984985,
  "median": 0.0008435249328613281,
  "75%": 0.0008440017700195312,
  "95%": 0.0008600234985351562,
  "max": 0.0049228668212890625,
  "count": 2000,
  "sum": 1.700679063796997
 },
 "mult 1000": {
  "min": 0.10500454902648926,
  "5%": 0.10540308952331542,
  "25%": 0.10553628206253052,
  "mean": 0.10631351777485439,
  "median": 0.10565733909606934,
  "75%": 0.10591977834701538,
  "95%": 0.10915377140045165,
  "max": 0.12374043464660645,
  "count": 700,
  "sum": 74.41946244239807
 },
 "mult 3000": {
  "min": 2.797334671020508,
  "5%": 2.8070675253868105,
  "25%": 2.8223233819007874,
  "mean": 2.835243139266968,
  "median": 2.8305325508117676,
  "75%": 2.842763602733612,
  "95%": 2.8702261567115785,
  "max": 2.964556932449341,
  "count": 50,
  "sum": 141.7621569633484
 },
 "convolve binary": {
  "min": 0.04303908348083496,
  "5%": 0.04336349964141846,
  "25%": 0.0571286678314209,
  "mean": 0.05525559544563294,
  "median": 0.057219743728637695,
  "75%": 0.057291507720947266,
  "95%": 0.05789915323257446,
  "max": 0.06622743606567383,
  "count": 400,
  "sum": 22.102238178253174
 },
 "convolve float": {
  "min": 0.19663166999816895,
  "5%": 0.1970467448234558,
  "25%": 0.19769775867462158,
  "mean": 0.19945623715718588,
  "median": 0.1987837553024292,
  "75%": 0.1996573805809021,
  "95%": 0.204424774646759,
  "max": 0.21581172943115234,
  "count": 150,
  "sum": 29.91843557357788
 }
}