{
 "sums small": {
  "min": 1.7881393432617188e-05,
  "5%": 1.811981201171875e-05,
  "25%": 1.8358230590820312e-05,
  "mean": 1.8783211708068847e-05,
  "median": 1.8358230590820312e-05,
  "75%": 1.8596649169921875e-05,
  "95%": 1.8835067749023438e-05,
  "max": 0.0008537769317626953,
  "count": 8000,
  "sum": 0.15026569366455078
 },
 "sums big": {
  "min": 0.08140325546264648,
  "5%": 0.08161972761154175,
  "25%": 0.0818435549736023,
  "mean": 0.0837508807182312,
  "median": 0.0828850269317627,
  "75%": 0.08469563722610474,
  "95%": 0.08780707120895385,
  "max": 0.12890863418579102,
  "count": 1000,
  "sum": 83.7508807182312
 },
 "mult 50": {
  "min": 3.4809112548828125e-05,
  "5%": 3.528594970703125e-05,
  "25%": 3.528594970703125e-05,
  "mean": 3.5866856575012206e-05,
  "median": 3.552436828613281e-05,
  "75%": 3.552436828613281e-05,
  "95%": 3.600120544433594e-05,
  "max": 0.0003666877746582031,
  "count": 4000,
  "sum": 0.14346742630004883
 },
 "mult 200": {
  "min": 0.0008370876312255859,
  "5%": 0.0008380413055419922,
  "25%": 0.0008425712585449219,
  "mean": 0.0008704028129577637,
  "median": 0.0008432865142822266,
  "75%": 0.0008437633514404297,
  "95%": 0.0008647441864013672,
  "max": 0.015019416809082031,
  "count": 2000,
  "sum": 1.7408056259155273
 },
 "mult 1000": {
  "min": 0.10525679588317871,
  "5%": 0.1057902455329895,
  "25%": 0.1059572696685791,
  "mean": 0.10682722296033587,
  "median": 0.10612165927886963,
  "75%": 0.10648518800735474,
  "95%": 0.11048216819763183,
  "max": 0.12292194366455078,
  "count": 700,
  "sum": 74.77905607223511
 },
 "mult 3000": {
  "min": 2.7934622764587402,
  "5%": 2.7961177110671995,
  "25%": 2.8078372478485107,
  "mean": 2.854338459968567,
  "median": 2.8160288333892822,
  "75%": 2.82632839679718,
  "95%": 3.168436288833618,
  "max": 3.347593069076538,
  "count": 50,
  "sum": 142.71692299842834
 },
 "convolve binary": {
  "min": 0.04295039176940918,
  "5%": 0.042984378337860105,
  "25%": 0.04304838180541992,
  "mean": 0.04329532980918884,
  "median": 0.04311478137969971,
  "75%": 0.0432279109954834,
  "95%": 0.044133400917053214,
  "max": 0.05204486846923828,
  "count": 400,
  "sum": 17.318131923675537
 },
 "convolve float": {
  "min": 0.18764543533325195,
  "5%": 0.18818972110748292,
  "25%": 0.18857765197753906,
  "mean": 0.19168691635131835,
  "median": 0.18903779983520508,
  "75%": 0.19028788805007935,
  "95%": 0.2050872206687927,
  "max": 0.23104047775268555,
  "count": 150,
  "sum": 28.753037452697754
 }
}