{
 "sums small": {
  "min": 1.621246337890625e-05,
  "5%": 1.6689300537109375e-05,
  "25%": 2.193450927734375e-05,
  "mean": 2.1777361631393432e-05,
  "median": 2.2172927856445312e-05,
  "75%": 2.2411346435546875e-05,
  "95%": 2.288818359375e-05,
  "max": 0.002037525177001953,
  "count": 8000,
  "sum": 0.17421889305114746
 },
 "sums big": {
  "min": 0.0876307487487793,
  "5%": 0.08782126903533935,
  "25%": 0.08902943134307861,
  "mean": 0.08986929154396057,
  "median": 0.08937215805053711,
  "75%": 0.08970791101455688,
  "95%": 0.09309803247451783,
  "max": 0.1316993236541748,
  "count": 1000,
  "sum": 89.86929154396057
 },
 "mult 50": {
  "min": 5.6743621826171875e-05,
  "5%": 5.698204040527344e-05,
  "25%": 5.7220458984375e-05,
  "mean": 5.789488554000855e-05,
  "median": 5.7220458984375e-05,
  "75%": 5.745887756347656e-05,
  "95%": 6.4849853515625e-05,
  "max": 0.00010442733764648438,
  "count": 4000,
  "sum": 0.23157954216003418
 },
 "mult 200": {
  "min": 0.0009107589721679688,
  "5%": 0.000911712646484375,
  "25%": 0.0009148120880126953,
  "mean": 0.0009381922483444214,
  "median": 0.00091552734375,
  "75%": 0.0009164810180664062,
  "95%": 0.001012563705444336,
  "max": 0.008390188217163086,
  "count": 2000,
  "sum": 1.8763844966888428
 },
 "mult 1000": {
  "min": 0.11008095741271973,
  "5%": 0.11123229265213012,
  "25%": 0.11166191101074219,
  "mean": 0.11258001940590995,
  "median": 0.11183607578277588,
  "75%": 0.11217731237411499,
  "95%": 0.1172670841217041,
  "max": 0.14105749130249023,
  "count": 700,
  "sum": 78.80601358413696
 },
 "mult 3000": {
  "min": 2.8131027221679688,
  "5%": 2.8162537813186646,
  "25%": 2.821506917476654,
  "mean": 2.8387183856964113,
  "median": 2.8298085927963257,
  "75%": 2.8441142439842224,
  "95%": 2.8829832077026367,
  "max": 3.031636953353882,
  "count": 50,
  "sum": 141.93591928482056
 },
 "convolve binary": {
  "min": 0.045453786849975586,
  "5%": 0.05700781345367432,
  "25%": 0.05707913637161255,
  "mean": 0.05722671091556549,
  "median": 0.05713963508605957,
  "75%": 0.057210683822631836,
  "95%": 0.057526588439941406,
  "max": 0.06307196617126465,
  "count": 400,
  "sum": 22.890684366226196
 },
 "convolve float": {
  "min": 0.21288776397705078,
  "5%": 0.21679978370666503,
  "25%": 0.22258782386779785,
  "mean": 0.22375941435496013,
  "median": 0.22336196899414062,
  "75%": 0.22473114728927612,
  "95%": 0.230580997467041,
  "max": 0.23903393745422363,
  "count": 150,
  "sum": 33.56391215324402
 }
}