{
 "sums small": {
  "min": 1.33514404296875e-05,
  "5%": 1.3828277587890625e-05,
  "25%": 1.3828277587890625e-05,
  "mean": 1.4247208833694458e-05,
  "median": 1.3828277587890625e-05,
  "75%": 1.4066696166992188e-05,
  "95%": 1.6689300537109375e-05,
  "max": 5.1975250244140625e-05,
  "count": 8000,
  "sum": 0.11397767066955566
 },
 "sums big": {
  "min": 0.04675602912902832,
  "5%": 0.04771288633346558,
  "25%": 0.04844391345977783,
  "mean": 0.049536212682724,
  "median": 0.04934799671173096,
  "75%": 0.05053853988647461,
  "95%": 0.05126093626022339,
  "max": 0.05756187438964844,
  "count": 1000,
  "sum": 49.536212682724
 },
 "mult 50": {
  "min": 2.5272369384765625e-05,
  "5%": 2.5987625122070312e-05,
  "25%": 2.6941299438476562e-05,
  "mean": 2.954787015914917e-05,
  "median": 2.8133392333984375e-05,
  "75%": 2.956390380859375e-05,
  "95%": 3.814697265625e-05,
  "max": 0.00012254714965820312,
  "count": 4000,
  "sum": 0.11819148063659668
 },
 "mult 200": {
  "min": 0.0003364086151123047,
  "5%": 0.0003440260887145996,
  "25%": 0.0003669261932373047,
  "mean": 0.0004211814403533936,
  "median": 0.00037479400634765625,
  "75%": 0.0004773139953613281,
  "95%": 0.0005011558532714844,
  "max": 0.000762939453125,
  "count": 2000,
  "sum": 0.8423628807067871
 },
 "mult 1000": {
  "min": 0.0430912971496582,
  "5%": 0.04410896301269531,
  "25%": 0.04553723335266113,
  "mean": 0.046953879424503873,
  "median": 0.04670453071594238,
  "75%": 0.048214077949523926,
  "95%": 0.050454890727996825,
  "max": 0.0633704662322998,
  "count": 700,
  "sum": 32.86771559715271
 },
 "mult 3000": {
  "min": 0.9315402507781982,
  "5%": 0.9415984511375427,
  "25%": 0.9491209387779236,
  "mean": 0.9605527639389038,
  "median": 0.960469126701355,
  "75%": 0.9693507552146912,
  "95%": 0.9855115413665771,
  "max": 0.9926683902740479,
  "count": 50,
  "sum": 48.02763819694519
 },
 "convolve binary": {
  "min": 0.0164792537689209,
  "5%": 0.016518819332122802,
  "25%": 0.016549348831176758,
  "mean": 0.01672493278980255,
  "median": 0.01658952236175537,
  "75%": 0.01676398515701294,
  "95%": 0.017014312744140624,
  "max": 0.02479386329650879,
  "count": 400,
  "sum": 6.6899731159210205
 },
 "convolve float": {
  "min": 0.11663269996643066,
  "5%": 0.11711924076080323,
  "25%": 0.11747217178344727,
  "mean": 0.11777326742808024,
  "median": 0.11770951747894287,
  "75%": 0.1180342435836792,
  "95%": 0.11847499608993531,
  "max": 0.12261557579040527,
  "count": 150,
  "sum": 17.665990114212036
 }
}