{
 "sums small": {
  "min": 1.4066696166992188e-05,
  "5%": 1.430511474609375e-05,
  "25%": 1.4543533325195312e-05,
  "mean": 1.50146484375e-05,
  "median": 1.4781951904296875e-05,
  "75%": 1.4781951904296875e-05,
  "95%": 1.7404556274414062e-05,
  "max": 5.030632019042969e-05,
  "count": 8000,
  "sum": 0.1201171875
 },
 "sums big": {
  "min": 0.049780845642089844,
  "5%": 0.050375187397003175,
  "25%": 0.051294147968292236,
  "mean": 0.051853657960891725,
  "median": 0.05188167095184326,
  "75%": 0.05242401361465454,
  "95%": 0.05292513370513916,
  "max": 0.06345510482788086,
  "count": 1000,
  "sum": 51.853657960891724
 },
 "mult 50": {
  "min": 2.5033950805664062e-05,
  "5%": 2.5987625122070312e-05,
  "25%": 2.6941299438476562e-05,
  "mean": 3.1406700611114504e-05,
  "median": 2.86102294921875e-05,
  "75%": 3.504753112792969e-05,
  "95%": 4.76837158203125e-05,
  "max": 0.00013136863708496094,
  "count": 4000,
  "sum": 0.125626802444458
 },
 "mult 200": {
  "min": 0.00032806396484375,
  "5%": 0.0003392457962036133,
  "25%": 0.00036025047302246094,
  "mean": 0.0004033700227737427,
  "median": 0.0003657341003417969,
  "75%": 0.0004298686981201172,
  "95%": 0.0005102515220642089,
  "max": 0.0007526874542236328,
  "count": 2000,
  "sum": 0.8067400455474854
 },
 "mult 1000": {
  "min": 0.042185068130493164,
  "5%": 0.04373083114624023,
  "25%": 0.04487341642379761,
  "mean": 0.04644664049148559,
  "median": 0.046073198318481445,
  "75%": 0.047738611698150635,
  "95%": 0.050451469421386716,
  "max": 0.058670759201049805,
  "count": 700,
  "sum": 32.51264834403992
 },
 "mult 3000": {
  "min": 0.942946195602417,
  "5%": 0.9481831431388855,
  "25%": 0.9659221172332764,
  "mean": 0.9728915023803711,
  "median": 0.9735745191574097,
  "75%": 0.9805907607078552,
  "95%": 0.9955189824104309,
  "max": 1.020104169845581,
  "count": 50,
  "sum": 48.644575119018555
 },
 "convolve binary": {
  "min": 0.016582965850830078,
  "5%": 0.01660870313644409,
  "25%": 0.016638755798339844,
  "mean": 0.01691105544567108,
  "median": 0.016762256622314453,
  "75%": 0.016885459423065186,
  "95%": 0.017694306373596192,
  "max": 0.026007890701293945,
  "count": 400,
  "sum": 6.764422178268433
 },
 "convolve float": {
  "min": 0.1164555549621582,
  "5%": 0.1169626235961914,
  "25%": 0.11776798963546753,
  "mean": 0.11844954490661622,
  "median": 0.11853456497192383,
  "75%": 0.11905145645141602,
  "95%": 0.11970438957214355,
  "max": 0.12209653854370117,
  "count": 150,
  "sum": 17.76743173599243
 }
}