{
 "sums small": {
  "min": 1.2636184692382812e-05,
  "5%": 1.2874603271484375e-05,
  "25%": 1.3113021850585938e-05,
  "mean": 1.3480544090270996e-05,
  "median": 1.3113021850585938e-05,
  "75%": 1.33514404296875e-05,
  "95%": 1.5974044799804688e-05,
  "max": 0.00012421607971191406,
  "count": 8000,
  "sum": 0.10784435272216797
 },
 "sums big": {
  "min": 0.044679880142211914,
  "5%": 0.04558744430541992,
  "25%": 0.04580843448638916,
  "mean": 0.04761281394958496,
  "median": 0.0461653470993042,
  "75%": 0.04816317558288574,
  "95%": 0.053957986831665035,
  "max": 0.08015942573547363,
  "count": 1000,
  "sum": 47.61281394958496
 },
 "mult 50": {
  "min": 2.1457672119140625e-05,
  "5%": 2.1457672119140625e-05,
  "25%": 2.1696090698242188e-05,
  "mean": 2.2622764110565187e-05,
  "median": 2.1696090698242188e-05,
  "75%": 2.193450927734375e-05,
  "95%": 2.5987625122070312e-05,
  "max": 5.888938903808594e-05,
  "count": 4000,
  "sum": 0.09049105644226074
 },
 "mult 200": {
  "min": 0.0003311634063720703,
  "5%": 0.0003464221954345703,
  "25%": 0.00035566091537475586,
  "mean": 0.0003957949876785278,
  "median": 0.0003669261932373047,
  "75%": 0.0003867149353027344,
  "95%": 0.0004339337348937988,
  "max": 0.0034377574920654297,
  "count": 2000,
  "sum": 0.7915899753570557
 },
 "mult 1000": {
  "min": 0.028792381286621094,
  "5%": 0.028969967365264894,
  "25%": 0.0290338397026062,
  "mean": 0.0320695458139692,
  "median": 0.029132962226867676,
  "75%": 0.03145420551300049,
  "95%": 0.04787098169326779,
  "max": 0.08581686019897461,
  "count": 700,
  "sum": 22.448682069778442
 },
 "mult 3000": {
  "min": 0.8612313270568848,
  "5%": 0.863180136680603,
  "25%": 0.8698148131370544,
  "mean": 0.8770680522918701,
  "median": 0.8770971298217773,
  "75%": 0.885075032711029,
  "95%": 0.8895884037017823,
  "max": 0.8917088508605957,
  "count": 50,
  "sum": 43.853402614593506
 },
 "convolve binary": {
  "min": 0.01734304428100586,
  "5%": 0.01737396717071533,
  "25%": 0.017405390739440918,
  "mean": 0.017701360583305358,
  "median": 0.017518997192382812,
  "75%": 0.01779729127883911,
  "95%": 0.01823436021804809,
  "max": 0.023888826370239258,
  "count": 400,
  "sum": 7.0805442333221436
 },
 "convolve float": {
  "min": 0.11147475242614746,
  "5%": 0.11192708015441895,
  "25%": 0.11251258850097656,
  "mean": 0.11292159716288248,
  "median": 0.11289012432098389,
  "75%": 0.11330944299697876,
  "95%": 0.11401168107986451,
  "max": 0.1185905933380127,
  "count": 150,
  "sum": 16.938239574432373
 }
}