{
 "sums small": {
  "min": 4.76837158203125e-06,
  "5%": 4.76837158203125e-06,
  "25%": 5.4836273193359375e-06,
  "mean": 5.9399902820587155e-06,
  "median": 5.7220458984375e-06,
  "75%": 5.9604644775390625e-06,
  "95%": 6.4373016357421875e-06,
  "max": 3.886222839355469e-05,
  "count": 8000,
  "sum": 0.04751992225646973
 },
 "sums big": {
  "min": 0.013544559478759766,
  "5%": 0.014071929454803466,
  "25%": 0.014131784439086914,
  "mean": 0.014268707036972045,
  "median": 0.014166116714477539,
  "75%": 0.014209210872650146,
  "95%": 0.014573335647583006,
  "max": 0.01946258544921875,
  "count": 1000,
  "sum": 14.268707036972046
 },
 "mult 50": {
  "min": 6.9141387939453125e-06,
  "5%": 7.3909759521484375e-06,
  "25%": 7.867813110351562e-06,
  "mean": 1.1890411376953125e-05,
  "median": 9.059906005859375e-06,
  "75%": 1.5735626220703125e-05,
  "95%": 2.1457672119140625e-05,
  "max": 7.867813110351562e-05,
  "count": 4000,
  "sum": 0.0475616455078125
 },
 "mult 200": {
  "min": 0.0001728534698486328,
  "5%": 0.00017333030700683594,
  "25%": 0.00017786026000976562,
  "mean": 0.00018398642539978029,
  "median": 0.00018286705017089844,
  "75%": 0.00018835067749023438,
  "95%": 0.0001964569091796875,
  "max": 0.00045418739318847656,
  "count": 2000,
  "sum": 0.36797285079956055
 },
 "mult 1000": {
  "min": 0.021805763244628906,
  "5%": 0.02193446159362793,
  "25%": 0.022014260292053223,
  "mean": 0.028438781670161655,
  "median": 0.02206861972808838,
  "75%": 0.02211451530456543,
  "95%": 0.02347477674484253,
  "max": 0.22137451171875,
  "count": 700,
  "sum": 19.90714716911316
 },
 "mult 3000": {
  "min": 0.5691955089569092,
  "5%": 0.571629524230957,
  "25%": 0.5724862813949585,
  "mean": 0.845411376953125,
  "median": 0.57340407371521,
  "75%": 0.5754938125610352,
  "95%": 2.8530860543251,
  "max": 4.499518871307373,
  "count": 50,
  "sum": 42.27056884765625
 },
 "convolve binary": {
  "min": 0.006396293640136719,
  "5%": 0.0064787626266479496,
  "25%": 0.006498098373413086,
  "mean": 0.017836772799491883,
  "median": 0.006575822830200195,
  "75%": 0.007157623767852783,
  "95%": 0.06193088293075561,
  "max": 0.06770944595336914,
  "count": 400,
  "sum": 7.134709119796753
 },
 "convolve float": {
  "min": 0.04384779930114746,
  "5%": 0.04466269016265869,
  "25%": 0.044851839542388916,
  "mean": 0.045030487378438316,
  "median": 0.04497849941253662,
  "75%": 0.045121967792510986,
  "95%": 0.045542013645172116,
  "max": 0.04720878601074219,
  "count": 150,
  "sum": 6.754573106765747
 }
}