{
 "sums small": {
  "min": 5.245208740234375e-06,
  "5%": 5.7220458984375e-06,
  "25%": 5.9604644775390625e-06,
  "mean": 6.152629852294922e-06,
  "median": 5.9604644775390625e-06,
  "75%": 6.198883056640625e-06,
  "95%": 6.4373016357421875e-06,
  "max": 8.320808410644531e-05,
  "count": 8000,
  "sum": 0.049221038818359375
 },
 "sums big": {
  "min": 0.01325678825378418,
  "5%": 0.014626431465148925,
  "25%": 0.014670073986053467,
  "mean": 0.014846397161483765,
  "median": 0.01473546028137207,
  "75%": 0.014921605587005615,
  "95%": 0.015507614612579344,
  "max": 0.017200231552124023,
  "count": 1000,
  "sum": 14.846397161483765
 },
 "mult 50": {
  "min": 7.3909759521484375e-06,
  "5%": 7.3909759521484375e-06,
  "25%": 7.62939453125e-06,
  "mean": 9.18954610824585e-06,
  "median": 7.867813110351562e-06,
  "75%": 1.1920928955078125e-05,
  "95%": 1.239776611328125e-05,
  "max": 6.628036499023438e-05,
  "count": 4000,
  "sum": 0.0367581844329834
 },
 "mult 200": {
  "min": 0.00017213821411132812,
  "5%": 0.0001728534698486328,
  "25%": 0.00017762184143066406,
  "mean": 0.00018428468704223633,
  "median": 0.00018262863159179688,
  "75%": 0.0001881122589111328,
  "95%": 0.00019621849060058594,
  "max": 0.00046563148498535156,
  "count": 2000,
  "sum": 0.36856937408447266
 },
 "mult 1000": {
  "min": 0.021831512451171875,
  "5%": 0.02193034887313843,
  "25%": 0.022011935710906982,
  "mean": 0.028761944770812987,
  "median": 0.022071123123168945,
  "75%": 0.02213287353515625,
  "95%": 0.03272134065628052,
  "max": 0.23647761344909668,
  "count": 700,
  "sum": 20.133361339569092
 },
 "mult 3000": {
  "min": 0.5695304870605469,
  "5%": 0.5713871955871582,
  "25%": 0.5719385147094727,
  "mean": 0.84164306640625,
  "median": 0.5725119113922119,
  "75%": 0.5774115324020386,
  "95%": 2.8388652801513645,
  "max": 4.841691493988037,
  "count": 50,
  "sum": 42.0821533203125
 },
 "convolve binary": {
  "min": 0.006398200988769531,
  "5%": 0.006417751312255859,
  "25%": 0.006441235542297363,
  "mean": 0.006612913012504578,
  "median": 0.006523013114929199,
  "75%": 0.006672322750091553,
  "95%": 0.007216858863830566,
  "max": 0.00854945182800293,
  "count": 400,
  "sum": 2.645165205001831
 },
 "convolve float": {
  "min": 0.043924808502197266,
  "5%": 0.044878804683685304,
  "25%": 0.04523259401321411,
  "mean": 0.045513006846110024,
  "median": 0.045471787452697754,
  "75%": 0.04569476842880249,
  "95%": 0.046361863613128655,
  "max": 0.047460317611694336,
  "count": 150,
  "sum": 6.826951026916504
 }
}