{
 "sums small": {
  "min": 4.291534423828125e-06,
  "5%": 4.5299530029296875e-06,
  "25%": 5.0067901611328125e-06,
  "mean": 5.579441785812378e-06,
  "median": 5.4836273193359375e-06,
  "75%": 5.7220458984375e-06,
  "95%": 5.9604644775390625e-06,
  "max": 4.029273986816406e-05,
  "count": 8000,
  "sum": 0.04463553428649902
 },
 "sums big": {
  "min": 0.013480663299560547,
  "5%": 0.013667559623718262,
  "25%": 0.013736724853515625,
  "mean": 0.013824985265731811,
  "median": 0.013773202896118164,
  "75%": 0.013827860355377197,
  "95%": 0.01405106782913208,
  "max": 0.016888856887817383,
  "count": 1000,
  "sum": 13.824985265731812
 },
 "mult 50": {
  "min": 1.0728836059570312e-05,
  "5%": 1.0967254638671875e-05,
  "25%": 1.0967254638671875e-05,
  "mean": 1.1533677577972411e-05,
  "median": 1.1205673217773438e-05,
  "75%": 1.1444091796875e-05,
  "95%": 1.239776611328125e-05,
  "max": 4.029273986816406e-05,
  "count": 4000,
  "sum": 0.04613471031188965
 },
 "mult 200": {
  "min": 0.0002079010009765625,
  "5%": 0.00021409988403320312,
  "25%": 0.00022125244140625,
  "mean": 0.00026601827144622804,
  "median": 0.00022745132446289062,
  "75%": 0.00023484230041503906,
  "95%": 0.0002482175827026367,
  "max": 0.02294015884399414,
  "count": 2000,
  "sum": 0.532036542892456
 },
 "mult 1000": {
  "min": 0.023832321166992188,
  "5%": 0.023933136463165285,
  "25%": 0.024068832397460938,
  "mean": 0.03747439009802682,
  "median": 0.024172544479370117,
  "75%": 0.024310410022735596,
  "95%": 0.19080677032470703,
  "max": 0.4867539405822754,
  "count": 700,
  "sum": 26.232073068618774
 },
 "mult 3000": {
  "min": 0.645737886428833,
  "5%": 0.6472515106201172,
  "25%": 0.668001115322113,
  "mean": 1.0770281839370728,
  "median": 0.699317455291748,
  "75%": 0.7432006597518921,
  "95%": 3.688101029396057,
  "max": 4.084235191345215,
  "count": 50,
  "sum": 53.85140919685364
 },
 "convolve binary": {
  "min": 0.008116960525512695,
  "5%": 0.008266687393188477,
  "25%": 0.0083693265914917,
  "mean": 0.008530296683311463,
  "median": 0.008403539657592773,
  "75%": 0.008436203002929688,
  "95%": 0.009307193756103515,
  "max": 0.01245427131652832,
  "count": 400,
  "sum": 3.412118673324585
 },
 "convolve float": {
  "min": 0.04203009605407715,
  "5%": 0.04549826383590698,
  "25%": 0.04597151279449463,
  "mean": 0.04615826924641927,
  "median": 0.04618799686431885,
  "75%": 0.04645723104476929,
  "95%": 0.047081041336059566,
  "max": 0.04826760292053223,
  "count": 150,
  "sum": 6.923740386962891
 }
}