{
 "sums small": {
  "min": 1.621246337890625e-05,
  "5%": 1.6450881958007812e-05,
  "25%": 1.6689300537109375e-05,
  "mean": 1.7409145832061767e-05,
  "median": 1.6689300537109375e-05,
  "75%": 1.6927719116210938e-05,
  "95%": 1.7881393432617188e-05,
  "max": 8.0108642578125e-05,
  "count": 8000,
  "sum": 0.13927316665649414
 },
 "sums big": {
  "min": 0.023726940155029297,
  "5%": 0.02510758638381958,
  "25%": 0.025151431560516357,
  "mean": 0.026106005191802978,
  "median": 0.025202274322509766,
  "75%": 0.025371134281158447,
  "95%": 0.033224499225616454,
  "max": 0.04101228713989258,
  "count": 1000,
  "sum": 26.10600519180298
 },
 "mult 50": {
  "min": 2.574920654296875e-05,
  "5%": 2.5987625122070312e-05,
  "25%": 2.6464462280273438e-05,
  "mean": 2.7480244636535643e-05,
  "median": 2.6464462280273438e-05,
  "75%": 2.6941299438476562e-05,
  "95%": 2.9325485229492188e-05,
  "max": 9.512901306152344e-05,
  "count": 4000,
  "sum": 0.10992097854614258
 },
 "mult 200": {
  "min": 0.0005176067352294922,
  "5%": 0.0005195140838623047,
  "25%": 0.0005204677581787109,
  "mean": 0.0005368013381958007,
  "median": 0.0005211830139160156,
  "75%": 0.0005230903625488281,
  "95%": 0.0005808234214782714,
  "max": 0.0011150836944580078,
  "count": 2000,
  "sum": 1.0736026763916016
 },
 "mult 1000": {
  "min": 0.056672096252441406,
  "5%": 0.056811046600341794,
  "25%": 0.056943535804748535,
  "mean": 0.058300093582698276,
  "median": 0.057096242904663086,
  "75%": 0.05885237455368042,
  "95%": 0.062304997444152826,
  "max": 0.10104560852050781,
  "count": 700,
  "sum": 40.810065507888794
 },
 "mult 3000": {
  "min": 1.5629611015319824,
  "5%": 1.5681198477745055,
  "25%": 1.582438051700592,
  "mean": 1.6358863162994384,
  "median": 1.593131422996521,
  "75%": 1.6499453783035278,
  "95%": 1.8629737257957457,
  "max": 1.896941900253296,
  "count": 50,
  "sum": 81.79431581497192
 },
 "convolve binary": {
  "min": 0.01467132568359375,
  "5%": 0.014690864086151122,
  "25%": 0.014711141586303711,
  "mean": 0.01477689564228058,
  "median": 0.014728188514709473,
  "75%": 0.014747262001037598,
  "95%": 0.014853894710540771,
  "max": 0.01921391487121582,
  "count": 400,
  "sum": 5.9107582569122314
 },
 "convolve float": {
  "min": 0.07111191749572754,
  "5%": 0.07130736112594604,
  "25%": 0.07147085666656494,
  "mean": 0.07202331384023031,
  "median": 0.07161688804626465,
  "75%": 0.07177525758743286,
  "95%": 0.0758345365524292,
  "max": 0.08703422546386719,
  "count": 150,
  "sum": 10.803497076034546
 }
}