{
 "sums small": {
  "min": 1.5974044799804688e-05,
  "5%": 1.621246337890625e-05,
  "25%": 1.6450881958007812e-05,
  "mean": 1.6788005828857422e-05,
  "median": 1.6689300537109375e-05,
  "75%": 1.6689300537109375e-05,
  "95%": 1.6927719116210938e-05,
  "max": 7.867813110351562e-05,
  "count": 8000,
  "sum": 0.13430404663085938
 },
 "sums big": {
  "min": 0.024176359176635742,
  "5%": 0.025363874435424805,
  "25%": 0.025460481643676758,
  "mean": 0.025578558683395387,
  "median": 0.025504112243652344,
  "75%": 0.0255507230758667,
  "95%": 0.025753021240234375,
  "max": 0.03578925132751465,
  "count": 1000,
  "sum": 25.578558683395386
 },
 "mult 50": {
  "min": 2.6464462280273438e-05,
  "5%": 2.6702880859375e-05,
  "25%": 2.6941299438476562e-05,
  "mean": 2.9333770275115967e-05,
  "median": 2.7179718017578125e-05,
  "75%": 2.7179718017578125e-05,
  "95%": 4.363059997558594e-05,
  "max": 0.0001308917999267578,
  "count": 4000,
  "sum": 0.11733508110046387
 },
 "mult 200": {
  "min": 0.0005154609680175781,
  "5%": 0.0005159378051757812,
  "25%": 0.0005161762237548828,
  "mean": 0.0005341089963912963,
  "median": 0.0005166530609130859,
  "75%": 0.0005185604095458984,
  "95%": 0.0006196498870849609,
  "max": 0.0011785030364990234,
  "count": 2000,
  "sum": 1.0682179927825928
 },
 "mult 1000": {
  "min": 0.05806088447570801,
  "5%": 0.058181488513946535,
  "25%": 0.05831122398376465,
  "mean": 0.05992623295102801,
  "median": 0.05844318866729736,
  "75%": 0.060174763202667236,
  "95%": 0.0643300175666809,
  "max": 0.12342071533203125,
  "count": 700,
  "sum": 41.948363065719604
 },
 "mult 3000": {
  "min": 1.5638813972473145,
  "5%": 1.5680726766586304,
  "25%": 1.5763693451881409,
  "mean": 1.6255623388290406,
  "median": 1.5891587734222412,
  "75%": 1.6213458180427551,
  "95%": 1.836609041690826,
  "max": 1.9841668605804443,
  "count": 50,
  "sum": 81.27811694145203
 },
 "convolve binary": {
  "min": 0.014780282974243164,
  "5%": 0.0148040771484375,
  "25%": 0.014826536178588867,
  "mean": 0.0149166339635849,
  "median": 0.014845490455627441,
  "75%": 0.014876246452331543,
  "95%": 0.01499173641204834,
  "max": 0.021146535873413086,
  "count": 400,
  "sum": 5.96665358543396
 },
 "convolve float": {
  "min": 0.07023382186889648,
  "5%": 0.07032479047775268,
  "25%": 0.07046109437942505,
  "mean": 0.07153064727783204,
  "median": 0.0707712173461914,
  "75%": 0.07143718004226685,
  "95%": 0.07470372915267945,
  "max": 0.09338140487670898,
  "count": 150,
  "sum": 10.729597091674805
 }
}