{
 "sums small": {
  "min": 1.4066696166992188e-05,
  "5%": 1.430511474609375e-05,
  "25%": 1.430511474609375e-05,
  "mean": 1.4585375785827637e-05,
  "median": 1.4543533325195312e-05,
  "75%": 1.4543533325195312e-05,
  "95%": 1.4781951904296875e-05,
  "max": 6.031990051269531e-05,
  "count": 8000,
  "sum": 0.1166830062866211
 },
 "sums big": {
  "min": 0.023781776428222656,
  "5%": 0.025152409076690675,
  "25%": 0.025407135486602783,
  "mean": 0.026888262033462524,
  "median": 0.02556312084197998,
  "75%": 0.02627629041671753,
  "95%": 0.03493568897247314,
  "max": 0.043862342834472656,
  "count": 1000,
  "sum": 26.888262033462524
 },
 "mult 50": {
  "min": 2.6941299438476562e-05,
  "5%": 2.7418136596679688e-05,
  "25%": 2.765655517578125e-05,
  "mean": 2.960073947906494e-05,
  "median": 2.765655517578125e-05,
  "75%": 2.7894973754882812e-05,
  "95%": 4.1961669921875e-05,
  "max": 9.703636169433594e-05,
  "count": 4000,
  "sum": 0.11840295791625977
 },
 "mult 200": {
  "min": 0.0005815029144287109,
  "5%": 0.0005846023559570312,
  "25%": 0.0005865097045898438,
  "mean": 0.0006015204191207886,
  "median": 0.0005879402160644531,
  "75%": 0.0005910396575927734,
  "95%": 0.0006044030189514161,
  "max": 0.0034894943237304688,
  "count": 2000,
  "sum": 1.2030408382415771
 },
 "mult 1000": {
  "min": 0.0660092830657959,
  "5%": 0.06607507467269898,
  "25%": 0.06617826223373413,
  "mean": 0.06685811962400164,
  "median": 0.06633102893829346,
  "75%": 0.066567063331604,
  "95%": 0.0688011646270752,
  "max": 0.11378216743469238,
  "count": 700,
  "sum": 46.80068373680115
 },
 "mult 3000": {
  "min": 1.8952422142028809,
  "5%": 1.8975619077682495,
  "25%": 1.9018997550010681,
  "mean": 1.933790273666382,
  "median": 1.9085643291473389,
  "75%": 1.9201660752296448,
  "95%": 2.032756006717682,
  "max": 2.417349100112915,
  "count": 50,
  "sum": 96.68951368331909
 },
 "convolve binary": {
  "min": 0.014708280563354492,
  "5%": 0.014717328548431396,
  "25%": 0.014734029769897461,
  "mean": 0.014864319562911987,
  "median": 0.014752507209777832,
  "75%": 0.014778971672058105,
  "95%": 0.014851784706115723,
  "max": 0.02559947967529297,
  "count": 400,
  "sum": 5.945727825164795
 },
 "convolve float": {
  "min": 0.07046818733215332,
  "5%": 0.07062457799911499,
  "25%": 0.070820152759552,
  "mean": 0.07128222942352296,
  "median": 0.07095837593078613,
  "75%": 0.07115250825881958,
  "95%": 0.0728179097175598,
  "max": 0.07908368110656738,
  "count": 150,
  "sum": 10.692334413528442
 }
}