{
 "sums small": {
  "min": 1.8596649169921875e-05,
  "5%": 1.9073486328125e-05,
  "25%": 1.9311904907226562e-05,
  "mean": 2.145826816558838e-05,
  "median": 1.9311904907226562e-05,
  "75%": 1.9788742065429688e-05,
  "95%": 3.314018249511719e-05,
  "max": 0.0009419918060302734,
  "count": 8000,
  "sum": 0.17166614532470703
 },
 "sums big": {
  "min": 0.08190083503723145,
  "5%": 0.08244814872741699,
  "25%": 0.08385640382766724,
  "mean": 0.08944698929786682,
  "median": 0.08496510982513428,
  "75%": 0.08918452262878418,
  "95%": 0.11294264793395996,
  "max": 0.3066585063934326,
  "count": 1000,
  "sum": 89.44698929786682
 },
 "mult 50": {
  "min": 3.504753112792969e-05,
  "5%": 3.552436828613281e-05,
  "25%": 3.552436828613281e-05,
  "mean": 4.155963659286499e-05,
  "median": 3.5762786865234375e-05,
  "75%": 4.744529724121094e-05,
  "95%": 4.76837158203125e-05,
  "max": 0.002187967300415039,
  "count": 4000,
  "sum": 0.16623854637145996
 },
 "mult 200": {
  "min": 0.0008361339569091797,
  "5%": 0.0008363723754882812,
  "25%": 0.0008366107940673828,
  "mean": 0.0008656286001205444,
  "median": 0.0008382797241210938,
  "75%": 0.0008413791656494141,
  "95%": 0.0008687973022460938,
  "max": 0.010647773742675781,
  "count": 2000,
  "sum": 1.7312572002410889
 },
 "mult 1000": {
  "min": 0.10455608367919922,
  "5%": 0.10513038635253906,
  "25%": 0.10540217161178589,
  "mean": 0.10708888701030186,
  "median": 0.1056673526763916,
  "75%": 0.10810619592666626,
  "95%": 0.11092290878295899,
  "max": 0.1759345531463623,
  "count": 700,
  "sum": 74.9622209072113
 },
 "mult 3000": {
  "min": 2.777617931365967,
  "5%": 2.79344162940979,
  "25%": 2.8219146132469177,
  "mean": 2.8500261020660402,
  "median": 2.850036382675171,
  "75%": 2.8667091727256775,
  "95%": 2.926449513435364,
  "max": 3.009967088699341,
  "count": 50,
  "sum": 142.501305103302
 },
 "convolve binary": {
  "min": 0.04273056983947754,
  "5%": 0.042759382724761964,
  "25%": 0.04279172420501709,
  "mean": 0.043493638634681704,
  "median": 0.04285109043121338,
  "75%": 0.043044865131378174,
  "95%": 0.046658122539520265,
  "max": 0.05146908760070801,
  "count": 400,
  "sum": 17.39745545387268
 },
 "convolve float": {
  "min": 0.18685150146484375,
  "5%": 0.19045846462249755,
  "25%": 0.19834041595458984,
  "mean": 0.2050939194361369,
  "median": 0.20400559902191162,
  "75%": 0.21160387992858887,
  "95%": 0.21891738176345824,
  "max": 0.24192380905151367,
  "count": 150,
  "sum": 30.764087915420532
 }
}