{
 "sums small": {
  "min": 1.7642974853515625e-05,
  "5%": 1.811981201171875e-05,
  "25%": 1.8596649169921875e-05,
  "mean": 2.3425787687301635e-05,
  "median": 2.4318695068359375e-05,
  "75%": 2.4318695068359375e-05,
  "95%": 2.4557113647460938e-05,
  "max": 0.0019087791442871094,
  "count": 8000,
  "sum": 0.18740630149841309
 },
 "sums big": {
  "min": 0.08227944374084473,
  "5%": 0.08408957719802856,
  "25%": 0.08765697479248047,
  "mean": 0.09030796003341675,
  "median": 0.08919942378997803,
  "75%": 0.09230345487594604,
  "95%": 0.09784984588623047,
  "max": 0.13486218452453613,
  "count": 1000,
  "sum": 90.30796003341675
 },
 "mult 50": {
  "min": 3.4332275390625e-05,
  "5%": 3.552436828613281e-05,
  "25%": 3.552436828613281e-05,
  "mean": 3.887873888015747e-05,
  "median": 3.5762786865234375e-05,
  "75%": 3.600120544433594e-05,
  "95%": 3.62396240234375e-05,
  "max": 0.0038530826568603516,
  "count": 4000,
  "sum": 0.15551495552062988
 },
 "mult 200": {
  "min": 0.0008361339569091797,
  "5%": 0.0008366107940673828,
  "25%": 0.0008378028869628906,
  "mean": 0.0008550872802734375,
  "median": 0.0008385181427001953,
  "75%": 0.0008416175842285156,
  "95%": 0.0008704781532287598,
  "max": 0.004599571228027344,
  "count": 2000,
  "sum": 1.710174560546875
 },
 "mult 1000": {
  "min": 0.10513901710510254,
  "5%": 0.1057173728942871,
  "25%": 0.1059219241142273,
  "mean": 0.10769577571323939,
  "median": 0.1062612533569336,
  "75%": 0.10864752531051636,
  "95%": 0.11145559549331664,
  "max": 0.17806506156921387,
  "count": 700,
  "sum": 75.38704299926758
 },
 "mult 3000": {
  "min": 2.764862298965454,
  "5%": 2.7665661215782165,
  "25%": 2.7786030173301697,
  "mean": 2.8055541944503783,
  "median": 2.7952417135238647,
  "75%": 2.826063394546509,
  "95%": 2.866281712055206,
  "max": 2.8921146392822266,
  "count": 50,
  "sum": 140.27770972251892
 },
 "convolve binary": {
  "min": 0.043016672134399414,
  "5%": 0.043178677558898926,
  "25%": 0.05324429273605347,
  "mean": 0.05453012704849243,
  "median": 0.0571446418762207,
  "75%": 0.05746358633041382,
  "95%": 0.05956951379776001,
  "max": 0.06850290298461914,
  "count": 400,
  "sum": 21.812050819396973
 },
 "convolve float": {
  "min": 0.21511483192443848,
  "5%": 0.22085832357406615,
  "25%": 0.2283431887626648,
  "mean": 0.23405532360076906,
  "median": 0.2353372573852539,
  "75%": 0.23965877294540405,
  "95%": 0.24429866075515747,
  "max": 0.269805908203125,
  "count": 150,
  "sum": 35.108298540115356
 }
}