{
 "sums small": {
  "min": 1.5974044799804688e-05,
  "5%": 1.6450881958007812e-05,
  "25%": 1.6689300537109375e-05,
  "mean": 1.8682122230529787e-05,
  "median": 1.6689300537109375e-05,
  "75%": 1.6689300537109375e-05,
  "95%": 2.2172927856445312e-05,
  "max": 0.008827447891235352,
  "count": 8000,
  "sum": 0.14945697784423828
 },
 "sums big": {
  "min": 0.0823521614074707,
  "5%": 0.08339623212814332,
  "25%": 0.08550417423248291,
  "mean": 0.09130091786384582,
  "median": 0.0872039794921875,
  "75%": 0.09094464778900146,
  "95%": 0.11027679443359374,
  "max": 0.37277793884277344,
  "count": 1000,
  "sum": 91.30091786384583
 },
 "mult 50": {
  "min": 5.698204040527344e-05,
  "5%": 5.7220458984375e-05,
  "25%": 5.7220458984375e-05,
  "mean": 5.784434080123901e-05,
  "median": 5.745887756347656e-05,
  "75%": 5.7697296142578125e-05,
  "95%": 5.8650970458984375e-05,
  "max": 0.00024390220642089844,
  "count": 4000,
  "sum": 0.23137736320495605
 },
 "mult 200": {
  "min": 0.0009093284606933594,
  "5%": 0.0009095668792724609,
  "25%": 0.0009100437164306641,
  "mean": 0.0009553406238555908,
  "median": 0.0009105205535888672,
  "75%": 0.0009152889251708984,
  "95%": 0.0009584665298461914,
  "max": 0.013856172561645508,
  "count": 2000,
  "sum": 1.9106812477111816
 },
 "mult 1000": {
  "min": 0.10852456092834473,
  "5%": 0.10944139957427979,
  "25%": 0.10983717441558838,
  "mean": 0.11152088642120361,
  "median": 0.11017560958862305,
  "75%": 0.11251378059387207,
  "95%": 0.11573320627212524,
  "max": 0.1614665985107422,
  "count": 700,
  "sum": 78.06462049484253
 },
 "mult 3000": {
  "min": 2.8230879306793213,
  "5%": 2.8319071769714355,
  "25%": 2.860499143600464,
  "mean": 2.890393862724304,
  "median": 2.875718116760254,
  "75%": 2.897119462490082,
  "95%": 3.015728259086609,
  "max": 3.1885452270507812,
  "count": 50,
  "sum": 144.5196931362152
 },
 "convolve binary": {
  "min": 0.04257488250732422,
  "5%": 0.04260562658309937,
  "25%": 0.04263591766357422,
  "mean": 0.043433663845062254,
  "median": 0.04268968105316162,
  "75%": 0.04298830032348633,
  "95%": 0.046610343456268306,
  "max": 0.05581402778625488,
  "count": 400,
  "sum": 17.373465538024902
 },
 "convolve float": {
  "min": 0.1872389316558838,
  "5%": 0.1906677484512329,
  "25%": 0.19891220331192017,
  "mean": 0.20533731301625568,
  "median": 0.20385205745697021,
  "75%": 0.21053403615951538,
  "95%": 0.22234487533569333,
  "max": 0.25783753395080566,
  "count": 150,
  "sum": 30.800596952438354
 }
}