{
 "sums small": {
  "min": 0.0,
  "5%": 0.0,
  "25%": 0.0,
  "mean": 1.5125155448913575e-05,
  "median": 0.0,
  "75%": 0.0,
  "95%": 0.0,
  "max": 0.001050710678100586,
  "count": 8000,
  "sum": 0.1210012435913086
 },
 "sums big": {
  "min": 0.057999372482299805,
  "5%": 0.059000253677368164,
  "25%": 0.060077965259552,
  "mean": 0.06895001864433288,
  "median": 0.061985015869140625,
  "75%": 0.06399822235107422,
  "95%": 0.11907858848571777,
  "max": 0.1311023235321045,
  "count": 1000,
  "sum": 68.95001864433289
 },
 "mult 50": {
  "min": 0.0,
  "5%": 0.0,
  "25%": 0.0,
  "mean": 3.1729698181152345e-05,
  "median": 0.0,
  "75%": 0.0,
  "95%": 0.0,
  "max": 0.0010578632354736328,
  "count": 4000,
  "sum": 0.12691879272460938
 },
 "mult 200": {
  "min": 0.0,
  "5%": 0.0,
  "25%": 0.0,
  "mean": 0.0005700106620788574,
  "median": 0.0009982585906982422,
  "75%": 0.0010001659393310547,
  "95%": 0.0010025501251220703,
  "max": 0.0010876655578613281,
  "count": 2000,
  "sum": 1.1400213241577148
 },
 "mult 1000": {
  "min": 0.042906761169433594,
  "5%": 0.045997786521911624,
  "25%": 0.05300724506378174,
  "mean": 0.05692285946437291,
  "median": 0.057991743087768555,
  "75%": 0.06100040674209595,
  "95%": 0.06499021053314209,
  "max": 0.06900334358215332,
  "count": 700,
  "sum": 39.846001625061035
 },
 "mult 3000": {
  "min": 1.0659966468811035,
  "5%": 1.0864929795265197,
  "25%": 1.1355028748512268,
  "mean": 1.176840171813965,
  "median": 1.1689611673355103,
  "75%": 1.2027509808540344,
  "95%": 1.3044347167015076,
  "max": 1.338998556137085,
  "count": 50,
  "sum": 58.84200859069824
 },
 "convolve binary": {
  "min": 0.062067508697509766,
  "5%": 0.06301932334899903,
  "25%": 0.06400036811828613,
  "mean": 0.0652324914932251,
  "median": 0.06499958038330078,
  "75%": 0.06599998474121094,
  "95%": 0.06707680225372314,
  "max": 0.08400392532348633,
  "count": 400,
  "sum": 26.09299659729004
 },
 "convolve float": {
  "min": 0.10100769996643066,
  "5%": 0.10299466848373413,
  "25%": 0.10402804613113403,
  "mean": 0.10778001308441162,
  "median": 0.10601091384887695,
  "75%": 0.10900038480758667,
  "95%": 0.12104233503341674,
  "max": 0.12499880790710449,
  "count": 150,
  "sum": 16.167001962661743
 }
}