{
 "sums small": {
  "min": 0.0,
  "5%": 0.0,
  "25%": 0.0,
  "mean": 1.4242857694625855e-05,
  "median": 0.0,
  "75%": 0.0,
  "95%": 0.0,
  "max": 0.0010743141174316406,
  "count": 8000,
  "sum": 0.11394286155700684
 },
 "sums big": {
  "min": 0.06292557716369629,
  "5%": 0.06400035619735718,
  "25%": 0.06600022315979004,
  "mean": 0.07464227366447448,
  "median": 0.06799983978271484,
  "75%": 0.07098007202148438,
  "95%": 0.12301234006881713,
  "max": 0.14000463485717773,
  "count": 1000,
  "sum": 74.64227366447449
 },
 "mult 50": {
  "min": 0.0,
  "5%": 0.0,
  "25%": 0.0,
  "mean": 3.5264790058135985e-05,
  "median": 0.0,
  "75%": 0.0,
  "95%": 0.0,
  "max": 0.0017664432525634766,
  "count": 4000,
  "sum": 0.14105916023254395
 },
 "mult 200": {
  "min": 0.0,
  "5%": 0.0,
  "25%": 0.0,
  "mean": 0.000570996642112732,
  "median": 0.0009980201721191406,
  "75%": 0.0010001659393310547,
  "95%": 0.0010027885437011719,
  "max": 0.0020287036895751953,
  "count": 2000,
  "sum": 1.1419932842254639
 },
 "mult 1000": {
  "min": 0.042994022369384766,
  "5%": 0.046996796131134035,
  "25%": 0.05400270223617554,
  "mean": 0.05832425253731864,
  "median": 0.059918761253356934,
  "75%": 0.06300026178359985,
  "95%": 0.06599929332733154,
  "max": 0.06892180442810059,
  "count": 700,
  "sum": 40.82697677612305
 },
 "mult 3000": {
  "min": 1.0659987926483154,
  "5%": 1.1226517796516418,
  "25%": 1.166995644569397,
  "mean": 1.2158801174163818,
  "median": 1.2149617671966553,
  "75%": 1.2642706036567688,
  "95%": 1.3365313172340392,
  "max": 1.3520002365112305,
  "count": 50,
  "sum": 60.79400587081909
 },
 "convolve binary": {
  "min": 0.06498050689697266,
  "5%": 0.06499956846237183,
  "25%": 0.06699275970458984,
  "mean": 0.0700024914741516,
  "median": 0.07099246978759766,
  "75%": 0.07295411825180054,
  "95%": 0.07493455410003662,
  "max": 0.07702231407165527,
  "count": 400,
  "sum": 28.000996589660645
 },
 "convolve float": {
  "min": 0.10399985313415527,
  "5%": 0.10543261766433716,
  "25%": 0.10799223184585571,
  "mean": 0.11152005036671957,
  "median": 0.11001026630401611,
  "75%": 0.11303520202636719,
  "95%": 0.12496398687362671,
  "max": 0.12795639038085938,
  "count": 150,
  "sum": 16.728007555007935
 }
}