{
 "sums small": {
  "min": 0.0,
  "5%": 0.0,
  "25%": 0.0,
  "mean": 2.425047755241394e-05,
  "median": 0.0,
  "75%": 0.0,
  "95%": 0.0,
  "max": 0.0010802745819091797,
  "count": 8000,
  "sum": 0.19400382041931152
 },
 "sums big": {
  "min": 0.057988882064819336,
  "5%": 0.05900048017501831,
  "25%": 0.06099963188171387,
  "mean": 0.07197393679618835,
  "median": 0.06397151947021484,
  "75%": 0.0730021595954895,
  "95%": 0.11892073154449463,
  "max": 0.13796091079711914,
  "count": 1000,
  "sum": 71.97393679618835
 },
 "mult 50": {
  "min": 0.0,
  "5%": 0.0,
  "25%": 0.0,
  "mean": 2.550029754638672e-05,
  "median": 0.0,
  "75%": 0.0,
  "95%": 0.0,
  "max": 0.0010294914245605469,
  "count": 4000,
  "sum": 0.10200119018554688
 },
 "mult 200": {
  "min": 0.0,
  "5%": 0.0,
  "25%": 0.0,
  "mean": 0.0004959990978240967,
  "median": 0.0,
  "75%": 0.0009999275207519531,
  "95%": 0.0010018348693847656,
  "max": 0.0020253658294677734,
  "count": 2000,
  "sum": 0.9919981956481934
 },
 "mult 1000": {
  "min": 0.03802895545959473,
  "5%": 0.03999160528182984,
  "25%": 0.04099482297897339,
  "mean": 0.04194999899183001,
  "median": 0.041991353034973145,
  "75%": 0.04298365116119385,
  "95%": 0.0459936261177063,
  "max": 0.05300712585449219,
  "count": 700,
  "sum": 29.364999294281006
 },
 "mult 3000": {
  "min": 0.828998327255249,
  "5%": 0.8349013328552246,
  "25%": 0.8390006422996521,
  "mean": 0.8429998350143433,
  "median": 0.842502236366272,
  "75%": 0.8467452526092529,
  "95%": 0.8515496969223022,
  "max": 0.8579967021942139,
  "count": 50,
  "sum": 42.14999175071716
 },
 "convolve binary": {
  "min": 0.06199455261230469,
  "5%": 0.06306835412979125,
  "25%": 0.06400156021118164,
  "mean": 0.0652150148153305,
  "median": 0.06499981880187988,
  "75%": 0.06599932909011841,
  "95%": 0.06799818277359009,
  "max": 0.0799260139465332,
  "count": 400,
  "sum": 26.086005926132202
 },
 "convolve float": {
  "min": 0.09999942779541016,
  "5%": 0.10098427534103394,
  "25%": 0.10296106338500977,
  "mean": 0.10612650553385417,
  "median": 0.10400259494781494,
  "75%": 0.10700041055679321,
  "95%": 0.12000488042831421,
  "max": 0.12508487701416016,
  "count": 150,
  "sum": 15.918975830078125
 }
}